Product_ID,Product_Name,Category,Stock_Quantity,Units_Sold_Last_Month,Price,Cost,Reorder_Level
P0001,Product_1,Accessories,446,287,24.41,21.17,17
P0002,Product_2,Outerwear,144,265,51.54,32.61,80
P0003,Product_3,Apparel,200,15,10.84,-0.27999999999999936,117
P0004,Product_4,Accessories,416,198,32.2,22.830000000000005,124
P0005,Product_5,Accessories,211,281,75.38,58.779999999999994,112
P0006,Product_6,Outerwear,460,85,99.26,82.22,134
P0007,Product_7,Apparel,219,249,18.93,10.95,66
P0008,Product_8,Apparel,239,269,46.13,31.64,39
P0009,Product_9,Accessories,412,116,82.01,66.13000000000001,123
P0010,Product_10,Footwear,396,6,28.36,14.58,126
P0011,Product_11,Accessories,45,136,59.96,55.230000000000004,69
P0012,Product_12,Accessories,34,175,75.98,58.21000000000001,107
P0013,Product_13,Accessories,252,214,65.44,53.739999999999995,135
P0014,Product_14,Accessories,389,81,26.92,19.840000000000003,103
P0015,Product_15,Outerwear,81,222,41.98,32.33,143
P0016,Product_16,Apparel,370,102,80.54,77.86,131
P0017,Product_17,Outerwear,255,272,59.88,55.580000000000005,117
P0018,Product_18,Outerwear,196,13,10.47,-5.309999999999999,13
P0019,Product_19,Outerwear,302,158,78.49,76.49,102
P0020,Product_20,Accessories,408,151,13.18,3.6799999999999997,15
P0021,Product_21,Footwear,449,107,77.12,65.71000000000001,41
P0022,Product_22,Apparel,9,187,28.22,25.24,115
P0023,Product_23,Footwear,311,97,96.23,76.71000000000001,24
P0024,Product_24,Outerwear,285,130,43.11,37.04,131
P0025,Product_25,Outerwear,241,292,39.42,31.94,105
P0026,Product_26,Footwear,250,170,23.4,15.93,15
P0027,Product_27,Footwear,364,182,37.5,31.35,121
P0028,Product_28,Footwear,4,38,88.9,86.87,129
P0029,Product_29,Outerwear,118,14,99.67,84.54,132
P0030,Product_30,Outerwear,288,3,43.15,23.75,76
P0031,Product_31,Apparel,373,209,50.37,44.33,115
P0032,Product_32,Apparel,64,160,74.99,61.059999999999995,148
P0033,Product_33,Outerwear,145,15,89.76,74.41000000000001,52
P0034,Product_34,Footwear,223,107,63.37,46.099999999999994,105
P0035,Product_35,Footwear,238,226,45.24,35.63,141
P0036,Product_36,Apparel,176,169,47.14,39.69,90
P0037,Product_37,Outerwear,266,33,72.61,64.75,50
P0038,Product_38,Apparel,340,250,10.29,-4.540000000000001,142
P0039,Product_39,Apparel,281,246,65.76,49.06,44
P0040,Product_40,Accessories,62,268,41.99,36.72,31
P0041,Product_41,Accessories,216,140,81.48,72.80000000000001,121
P0042,Product_42,Accessories,341,273,18.37,0.14000000000000057,20
P0043,Product_43,Footwear,314,95,62.94,46.42,12
P0044,Product_44,Outerwear,282,226,53.29,33.56,146
P0045,Product_45,Outerwear,176,38,67.81,52.230000000000004,69
P0046,Product_46,Outerwear,460,28,15.84,6.76,85
P0047,Product_47,Outerwear,416,244,62.2,49.57,96
P0048,Product_48,Accessories,97,235,60.53,46.63,23
P0049,Product_49,Footwear,104,184,60.46,57.05,27
P0050,Product_50,Footwear,98,271,64.31,52.510000000000005,122
P0051,Product_51,Accessories,384,235,70.88,56.11,82
P0052,Product_52,Footwear,404,238,82.45,77.44,32
P0053,Product_53,Accessories,495,265,34.28,18.23,92
P0054,Product_54,Outerwear,310,64,84.25,71.74,134
P0055,Product_55,Accessories,5,176,54.84,35.7,78
P0056,Product_56,Outerwear,475,2,16.94,14.180000000000001,56
P0057,Product_57,Outerwear,464,141,15.27,8.489999999999998,125
P0058,Product_58,Apparel,196,157,40.08,27.25,39
P0059,Product_59,Accessories,350,145,80.64,73.3,34
P0060,Product_60,Apparel,132,292,73.69,58.83,121
P0061,Product_61,Accessories,357,152,80.98,65.32000000000001,34
P0062,Product_62,Accessories,258,192,56.55,52.699999999999996,83
P0063,Product_63,Apparel,436,72,49.62,38.37,67
P0064,Product_64,Apparel,22,139,23.27,12.11,103
P0065,Product_65,Accessories,484,186,39.54,30.89,128
P0066,Product_66,Footwear,52,292,49.06,30.270000000000003,136
P0067,Product_67,Outerwear,164,60,17.97,1.0700000000000003,34
P0068,Product_68,Apparel,201,197,29.86,15.309999999999999,87
P0069,Product_69,Outerwear,457,294,63.84,48.980000000000004,108
P0070,Product_70,Footwear,82,10,76.21,65.89999999999999,125
P0071,Product_71,Footwear,144,61,99.85,81.27,57
P0072,Product_72,Footwear,84,225,93.98,79.48,19
P0073,Product_73,Apparel,77,152,67.83,52.71,108
P0074,Product_74,Footwear,456,198,47.91,30.399999999999995,20
P0075,Product_75,Apparel,365,51,67.26,60.330000000000005,94
P0076,Product_76,Footwear,0,259,80.71,64.17999999999999,144
P0077,Product_77,Outerwear,50,58,20.65,15.139999999999999,135
P0078,Product_78,Outerwear,172,71,46.89,38.67,73
P0079,Product_79,Accessories,204,147,85.58,77.53999999999999,11
P0080,Product_80,Outerwear,259,62,44.54,24.93,85
P0081,Product_81,Accessories,445,242,61.47,44.05,130
P0082,Product_82,Outerwear,448,106,62.9,48.28,51
P0083,Product_83,Apparel,368,225,26.6,11.510000000000002,63
P0084,Product_84,Outerwear,487,217,42.6,30.480000000000004,84
P0085,Product_85,Accessories,287,240,40.11,21.06,25
P0086,Product_86,Accessories,33,258,12.36,1.4299999999999997,27
P0087,Product_87,Footwear,347,261,12.18,3.33,99
P0088,Product_88,Apparel,94,4,84.85,79.91999999999999,15
P0089,Product_89,Outerwear,71,260,34.58,18.43,117
P0090,Product_90,Footwear,38,53,56.63,41.410000000000004,57
P0091,Product_91,Outerwear,153,46,36.89,27.97,51
P0092,Product_92,Outerwear,249,214,94.66,92.21,85
P0093,Product_93,Footwear,161,176,33.34,16.240000000000002,86
P0094,Product_94,Footwear,437,8,48.67,46.46,141
P0095,Product_95,Footwear,117,98,88.55,73.88,139
P0096,Product_96,Footwear,258,19,85.77,66.31,68
P0097,Product_97,Footwear,378,240,26.75,16.869999999999997,36
P0098,Product_98,Outerwear,305,60,82.24,76.00999999999999,88
P0099,Product_99,Footwear,267,177,51.24,36.550000000000004,81
P0100,Product_100,Apparel,448,61,53.47,36.76,16
P0101,Product_101,Accessories,53,144,22.01,10.170000000000002,120
P0102,Product_102,Footwear,235,215,17.25,-2.16,128
P0103,Product_103,Footwear,388,2,75.51,72.58,72
P0104,Product_104,Outerwear,477,159,54.68,43.59,133
P0105,Product_105,Footwear,221,226,49.32,34.39,21
P0106,Product_106,Footwear,250,268,75.66,58.129999999999995,52
P0107,Product_107,Footwear,312,119,78.9,73.67,26
P0108,Product_108,Outerwear,400,88,24.3,7.900000000000002,72
P0109,Product_109,Footwear,111,67,64.92,52.97,129
P0110,Product_110,Accessories,254,97,22.18,13.04,45
P0111,Product_111,Outerwear,302,266,77.62,73.25,17
P0112,Product_112,Accessories,406,104,69.13,51.55,78
P0113,Product_113,Outerwear,206,122,96.1,91.27,99
P0114,Product_114,Footwear,228,28,16.21,8.63,45
P0115,Product_115,Accessories,340,136,15.13,7.910000000000001,37
P0116,Product_116,Outerwear,397,194,35.4,17.709999999999997,127
P0117,Product_117,Apparel,65,225,33.55,19.439999999999998,102
P0118,Product_118,Footwear,74,169,32.23,15.889999999999997,85
P0119,Product_119,Outerwear,434,8,91.56,85.05,110
P0120,Product_120,Apparel,102,39,32.46,19.21,23
P0121,Product_121,Outerwear,421,24,34.48,22.189999999999998,80
P0122,Product_122,Apparel,191,260,78.35,61.36,133
P0123,Product_123,Footwear,251,225,50.48,32.17,134
P0124,Product_124,Accessories,225,123,79.9,77.68,46
P0125,Product_125,Apparel,293,37,15.88,1.75,38
P0126,Product_126,Outerwear,305,250,53.88,50.95,28
P0127,Product_127,Footwear,97,175,13.03,1.1499999999999986,115
P0128,Product_128,Apparel,337,89,15.64,8.46,30
P0129,Product_129,Outerwear,285,36,91.58,84.06,73
P0130,Product_130,Outerwear,334,175,22.53,14.180000000000001,36
P0131,Product_131,Outerwear,346,283,57.92,44.74,64
P0132,Product_132,Apparel,434,80,47.0,38.99,38
P0133,Product_133,Apparel,446,113,41.26,26.07,34
P0134,Product_134,Apparel,481,39,90.99,81.71,79
P0135,Product_135,Accessories,307,223,11.96,8.73,72
P0136,Product_136,Apparel,248,114,69.74,53.629999999999995,139
P0137,Product_137,Apparel,165,185,96.71,89.57,25
P0138,Product_138,Apparel,480,55,60.42,50.63,109
P0139,Product_139,Accessories,471,39,94.31,79.97,39
P0140,Product_140,Apparel,334,39,14.7,6.719999999999999,54
P0141,Product_141,Outerwear,29,236,47.69,44.669999999999995,28
P0142,Product_142,Apparel,246,288,33.41,24.679999999999996,43
P0143,Product_143,Outerwear,105,261,75.77,56.769999999999996,71
P0144,Product_144,Outerwear,50,215,98.32,84.77,127
P0145,Product_145,Outerwear,80,146,33.09,19.000000000000004,109
P0146,Product_146,Accessories,132,167,68.88,55.49999999999999,31
P0147,Product_147,Accessories,284,91,27.83,22.25,120
P0148,Product_148,Accessories,387,58,60.88,51.35,82
P0149,Product_149,Apparel,137,58,51.75,36.230000000000004,47
P0150,Product_150,Outerwear,183,168,97.48,93.66000000000001,79
P0151,Product_151,Accessories,400,268,64.77,57.769999999999996,125
P0152,Product_152,Accessories,329,44,41.46,34.49,88
P0153,Product_153,Apparel,272,180,20.27,10.49,18
P0154,Product_154,Accessories,339,169,23.61,3.960000000000001,41
P0155,Product_155,Apparel,471,190,30.28,27.060000000000002,141
P0156,Product_156,Footwear,68,154,32.59,21.250000000000004,59
P0157,Product_157,Accessories,33,187,86.56,81.33,91
P0158,Product_158,Footwear,261,6,60.51,41.04,14
P0159,Product_159,Apparel,52,132,57.11,53.07,96
P0160,Product_160,Outerwear,449,234,20.33,11.069999999999999,135
P0161,Product_161,Accessories,204,44,87.41,72.13,84
P0162,Product_162,Apparel,125,248,75.05,60.37,31
P0163,Product_163,Outerwear,234,30,16.09,6.48,77
P0164,Product_164,Outerwear,42,22,73.71,65.47,53
P0165,Product_165,Footwear,239,159,58.92,49.760000000000005,43
P0166,Product_166,Apparel,458,157,17.36,10.6,86
P0167,Product_167,Outerwear,370,38,51.25,45.55,51
P0168,Product_168,Accessories,110,81,53.62,42.93,146
P0169,Product_169,Accessories,248,257,24.92,18.090000000000003,115
P0170,Product_170,Footwear,150,205,95.11,87.94,104
P0171,Product_171,Outerwear,182,76,86.5,72.68,144
P0172,Product_172,Apparel,335,11,70.21,50.779999999999994,77
P0173,Product_173,Accessories,94,294,51.61,38.74,137
P0174,Product_174,Outerwear,458,223,47.06,43.67,94
P0175,Product_175,Outerwear,373,12,68.59,65.23,92
P0176,Product_176,Footwear,399,45,59.09,39.96000000000001,104
P0177,Product_177,Accessories,7,154,15.6,8.25,41
P0178,Product_178,Accessories,387,112,56.13,52.47,75
P0179,Product_179,Apparel,359,232,82.58,69.8,125
P0180,Product_180,Accessories,387,16,51.33,38.099999999999994,147
P0181,Product_181,Apparel,183,222,14.68,1.0099999999999998,139
P0182,Product_182,Accessories,280,187,80.77,73.96,69
P0183,Product_183,Footwear,194,162,28.12,25.85,26
P0184,Product_184,Accessories,351,73,33.28,13.91,105
P0185,Product_185,Apparel,194,232,24.82,18.3,25
P0186,Product_186,Apparel,154,223,39.72,25.549999999999997,55
P0187,Product_187,Footwear,92,59,78.11,63.39,116
P0188,Product_188,Accessories,159,221,56.74,43.760000000000005,97
P0189,Product_189,Accessories,433,36,28.44,20.810000000000002,138
P0190,Product_190,Footwear,60,277,89.0,82.12,148
P0191,Product_191,Accessories,121,195,89.16,76.39999999999999,128
P0192,Product_192,Accessories,50,241,88.35,70.75999999999999,94
P0193,Product_193,Apparel,402,218,31.49,12.45,13
P0194,Product_194,Accessories,276,191,50.61,46.7,80
P0195,Product_195,Accessories,4,16,98.65,93.86,120
P0196,Product_196,Footwear,465,11,79.48,60.47,59
P0197,Product_197,Footwear,91,192,12.45,-2.8100000000000005,149
P0198,Product_198,Outerwear,169,21,15.87,-2.0200000000000014,104
P0199,Product_199,Apparel,316,119,51.75,46.1,101
P0200,Product_200,Accessories,21,209,91.83,79.25,74
P0201,Product_201,Accessories,404,269,58.48,43.86,56
P0202,Product_202,Outerwear,325,191,54.8,40.559999999999995,115
P0203,Product_203,Accessories,0,174,19.49,10.139999999999999,139
P0204,Product_204,Apparel,132,284,69.11,66.83,115
P0205,Product_205,Outerwear,232,203,83.99,71.5,33
P0206,Product_206,Apparel,11,163,44.24,37.68,13
P0207,Product_207,Outerwear,345,250,79.81,69.71000000000001,117
P0208,Product_208,Outerwear,45,226,96.8,77.56,28
P0209,Product_209,Footwear,33,6,28.34,19.16,49
P0210,Product_210,Apparel,432,28,57.1,39.980000000000004,59
P0211,Product_211,Accessories,77,32,35.84,30.450000000000003,84
P0212,Product_212,Accessories,217,133,81.36,67.26,21
P0213,Product_213,Apparel,300,78,61.98,42.39,36
P0214,Product_214,Accessories,410,57,67.11,63.28,122
P0215,Product_215,Accessories,72,25,81.81,79.66,58
P0216,Product_216,Apparel,281,225,45.64,35.84,139
P0217,Product_217,Outerwear,248,284,92.36,88.69,69
P0218,Product_218,Apparel,46,3,57.97,42.5,39
P0219,Product_219,Outerwear,120,98,24.22,5.759999999999998,93
P0220,Product_220,Accessories,213,38,72.63,62.81999999999999,37
P0221,Product_221,Accessories,238,270,81.39,74.73,34
P0222,Product_222,Accessories,55,284,38.51,28.689999999999998,105
P0223,Product_223,Footwear,349,156,87.15,72.13000000000001,134
P0224,Product_224,Outerwear,106,74,91.55,89.39,19
P0225,Product_225,Footwear,318,287,34.92,22.310000000000002,51
P0226,Product_226,Footwear,47,129,98.52,85.47999999999999,49
P0227,Product_227,Apparel,60,174,22.66,9.18,86
P0228,Product_228,Footwear,336,83,28.18,21.82,114
P0229,Product_229,Apparel,25,21,26.58,11.729999999999999,127
P0230,Product_230,Apparel,291,26,90.46,86.80999999999999,51
P0231,Product_231,Footwear,256,194,68.89,63.3,56
P0232,Product_232,Outerwear,7,235,23.69,5.900000000000002,31
P0233,Product_233,Outerwear,112,91,49.63,34.33,116
P0234,Product_234,Outerwear,354,20,65.38,63.129999999999995,36
P0235,Product_235,Outerwear,252,83,17.51,11.040000000000003,50
P0236,Product_236,Outerwear,179,261,89.42,83.56,89
P0237,Product_237,Footwear,206,146,82.32,75.44999999999999,98
P0238,Product_238,Footwear,302,256,55.47,49.01,75
P0239,Product_239,Accessories,126,57,97.04,93.91000000000001,21
P0240,Product_240,Outerwear,55,14,47.6,37.34,82
P0241,Product_241,Footwear,213,161,98.57,83.38,85
P0242,Product_242,Accessories,13,162,70.11,57.19,99
P0243,Product_243,Outerwear,473,280,67.12,53.010000000000005,19
P0244,Product_244,Apparel,27,279,24.94,21.48,105
P0245,Product_245,Accessories,470,11,89.37,70.24000000000001,29
P0246,Product_246,Footwear,77,273,48.47,31.38,48
P0247,Product_247,Apparel,215,270,24.6,8.110000000000003,69
P0248,Product_248,Apparel,385,207,11.13,-5.679999999999998,75
P0249,Product_249,Apparel,364,26,60.38,41.59,74
P0250,Product_250,Accessories,153,71,57.47,45.67,133
P0251,Product_251,Footwear,13,59,74.74,69.13,139
P0252,Product_252,Apparel,186,144,90.12,77.02000000000001,66
P0253,Product_253,Outerwear,311,92,17.15,1.7799999999999994,87
P0254,Product_254,Apparel,370,7,75.83,60.55,38
P0255,Product_255,Apparel,6,78,26.87,15.48,24
P0256,Product_256,Accessories,2,26,87.24,84.00999999999999,21
P0257,Product_257,Accessories,110,173,83.72,75.03999999999999,110
P0258,Product_258,Footwear,406,49,58.67,40.1,93
P0259,Product_259,Outerwear,237,198,73.92,61.400000000000006,134
P0260,Product_260,Accessories,362,180,38.29,26.6,112
P0261,Product_261,Apparel,238,23,52.41,45.56999999999999,33
P0262,Product_262,Footwear,492,45,83.95,75.32000000000001,147
P0263,Product_263,Apparel,273,14,51.33,33.209999999999994,119
P0264,Product_264,Apparel,293,152,42.2,28.200000000000003,87
P0265,Product_265,Accessories,226,221,54.48,38.309999999999995,110
P0266,Product_266,Footwear,370,205,84.54,74.36000000000001,137
P0267,Product_267,Outerwear,14,272,40.17,26.830000000000002,67
P0268,Product_268,Outerwear,191,235,25.64,19.17,85
P0269,Product_269,Accessories,472,227,74.08,59.379999999999995,45
P0270,Product_270,Accessories,118,8,84.34,74.64,31
P0271,Product_271,Footwear,484,165,19.06,9.089999999999998,136
P0272,Product_272,Outerwear,27,213,31.59,17.9,89
P0273,Product_273,Outerwear,201,116,22.78,3.9299999999999997,109
P0274,Product_274,Outerwear,38,71,41.31,38.160000000000004,105
P0275,Product_275,Apparel,440,63,50.53,33.68,27
P0276,Product_276,Outerwear,272,204,77.39,70.13,47
P0277,Product_277,Apparel,230,208,68.6,58.60999999999999,118
P0278,Product_278,Footwear,85,71,65.88,63.489999999999995,132
P0279,Product_279,Apparel,473,276,41.71,34.29,113
P0280,Product_280,Footwear,125,273,85.73,74.68,149
P0281,Product_281,Outerwear,299,94,52.42,49.410000000000004,90
P0282,Product_282,Outerwear,24,165,98.12,87.28,96
P0283,Product_283,Footwear,144,31,67.07,48.379999999999995,70
P0284,Product_284,Accessories,12,10,21.36,17.46,55
P0285,Product_285,Footwear,211,216,70.86,55.1,41
P0286,Product_286,Accessories,24,288,39.26,29.89,24
P0287,Product_287,Apparel,67,101,71.77,57.98,53
P0288,Product_288,Apparel,393,266,16.27,9.59,63
P0289,Product_289,Apparel,66,213,25.74,20.869999999999997,53
P0290,Product_290,Outerwear,232,178,87.02,82.13,107
P0291,Product_291,Apparel,108,87,30.45,27.18,14
P0292,Product_292,Accessories,145,40,85.33,79.99,118
P0293,Product_293,Apparel,110,75,35.13,21.17,36
P0294,Product_294,Footwear,227,45,67.86,49.989999999999995,125
P0295,Product_295,Footwear,110,159,72.47,55.82,96
P0296,Product_296,Outerwear,469,79,56.14,41.81,113
P0297,Product_297,Footwear,33,85,37.48,33.489999999999995,132
P0298,Product_298,Accessories,110,91,29.14,21.93,88
P0299,Product_299,Apparel,263,147,12.99,5.41,52
P0300,Product_300,Outerwear,423,160,37.36,30.86,106
P0301,Product_301,Apparel,368,201,68.78,57.510000000000005,40
P0302,Product_302,Apparel,235,241,94.45,82.81,108
P0303,Product_303,Accessories,82,1,88.41,79.99,26
P0304,Product_304,Footwear,41,224,78.95,70.58,92
P0305,Product_305,Footwear,424,288,80.96,64.05,119
P0306,Product_306,Apparel,100,232,69.85,53.63999999999999,41
P0307,Product_307,Outerwear,5,76,33.43,25.89,44
P0308,Product_308,Footwear,179,115,91.65,73.2,142
P0309,Product_309,Outerwear,281,153,70.37,51.220000000000006,38
P0310,Product_310,Footwear,319,102,60.44,52.559999999999995,79
P0311,Product_311,Outerwear,225,193,19.99,11.609999999999998,104
P0312,Product_312,Accessories,442,165,50.23,39.129999999999995,31
P0313,Product_313,Outerwear,439,89,51.43,32.489999999999995,78
P0314,Product_314,Accessories,314,173,87.81,70.04,98
P0315,Product_315,Accessories,364,121,59.2,55.35,81
P0316,Product_316,Outerwear,453,142,44.24,35.17,138
P0317,Product_317,Accessories,228,105,97.91,85.94999999999999,96
P0318,Product_318,Apparel,376,122,19.96,8.9,105
P0319,Product_319,Accessories,288,8,48.03,42.54,84
P0320,Product_320,Footwear,436,261,13.78,-3.6800000000000015,63
P0321,Product_321,Outerwear,149,72,76.59,62.410000000000004,97
P0322,Product_322,Apparel,276,222,92.63,75.55,63
P0323,Product_323,Outerwear,197,40,35.2,17.740000000000002,25
P0324,Product_324,Footwear,69,203,87.25,71.78,108
P0325,Product_325,Footwear,111,263,36.3,26.389999999999997,29
P0326,Product_326,Footwear,3,177,91.97,78.98,55
P0327,Product_327,Accessories,349,83,77.86,72.97,136
P0328,Product_328,Accessories,330,110,82.44,68.31,67
P0329,Product_329,Outerwear,445,250,11.62,6.389999999999999,120
P0330,Product_330,Outerwear,317,6,96.65,82.16000000000001,138
P0331,Product_331,Apparel,349,83,75.4,69.27000000000001,90
P0332,Product_332,Apparel,94,207,37.43,33.31,93
P0333,Product_333,Outerwear,151,21,84.65,79.67,79
P0334,Product_334,Accessories,310,2,35.34,33.300000000000004,17
P0335,Product_335,Footwear,136,126,88.55,73.61,38
P0336,Product_336,Outerwear,246,296,20.13,4.949999999999999,121
P0337,Product_337,Apparel,386,187,73.33,62.06,140
P0338,Product_338,Accessories,242,13,58.66,53.76,117
P0339,Product_339,Outerwear,30,11,18.69,15.190000000000001,118
P0340,Product_340,Outerwear,39,86,31.77,29.43,29
P0341,Product_341,Accessories,228,11,11.12,6.139999999999999,82
P0342,Product_342,Outerwear,35,24,52.19,34.15,13
P0343,Product_343,Accessories,407,242,37.11,30.759999999999998,28
P0344,Product_344,Footwear,222,121,63.85,55.47,111
P0345,Product_345,Accessories,5,146,36.75,32.85,95
P0346,Product_346,Accessories,321,54,36.99,30.990000000000002,61
P0347,Product_347,Accessories,467,237,76.89,65.54,120
P0348,Product_348,Outerwear,219,172,14.33,1.3900000000000006,118
P0349,Product_349,Outerwear,74,220,91.26,84.84,95
P0350,Product_350,Accessories,3,118,86.7,83.66,52
P0351,Product_351,Outerwear,334,182,70.1,61.059999999999995,51
P0352,Product_352,Apparel,133,287,63.39,57.17,99
P0353,Product_353,Apparel,117,299,90.31,84.36,124
P0354,Product_354,Outerwear,368,81,26.68,7.399999999999999,35
P0355,Product_355,Outerwear,93,210,17.11,4.02,52
P0356,Product_356,Accessories,485,149,31.56,19.54,86
P0357,Product_357,Footwear,434,36,81.51,72.03,146
P0358,Product_358,Outerwear,61,58,13.12,3.3999999999999986,29
P0359,Product_359,Apparel,440,130,62.45,50.71,48
P0360,Product_360,Accessories,193,201,99.59,85.05000000000001,21
P0361,Product_361,Outerwear,334,242,87.01,72.37,20
P0362,Product_362,Apparel,202,34,56.93,51.84,51
P0363,Product_363,Apparel,391,92,15.73,4.73,20
P0364,Product_364,Footwear,25,206,84.82,75.39999999999999,47
P0365,Product_365,Accessories,434,212,63.91,46.239999999999995,107
P0366,Product_366,Accessories,172,158,20.34,6.970000000000001,28
P0367,Product_367,Footwear,299,23,18.45,6.859999999999999,143
P0368,Product_368,Footwear,132,292,91.87,87.79,125
P0369,Product_369,Accessories,325,3,70.23,57.330000000000005,122
P0370,Product_370,Accessories,409,219,84.64,80.53,74
P0371,Product_371,Outerwear,117,19,89.11,81.03999999999999,108
P0372,Product_372,Outerwear,323,151,61.46,56.89,81
P0373,Product_373,Footwear,274,49,56.57,42.11,61
P0374,Product_374,Outerwear,211,176,48.74,43.03,127
P0375,Product_375,Apparel,224,95,38.53,29.48,129
P0376,Product_376,Outerwear,19,104,49.11,30.99,16
P0377,Product_377,Outerwear,112,249,79.65,73.97,20
P0378,Product_378,Apparel,139,116,64.17,53.03,112
P0379,Product_379,Footwear,46,227,90.33,80.78,70
P0380,Product_380,Apparel,0,65,49.9,47.57,77
P0381,Product_381,Outerwear,89,261,64.64,48.370000000000005,149
P0382,Product_382,Footwear,141,294,66.82,63.57999999999999,111
P0383,Product_383,Outerwear,319,242,63.25,52.71,119
P0384,Product_384,Apparel,37,185,73.24,61.14999999999999,149
P0385,Product_385,Apparel,292,245,31.37,18.060000000000002,60
P0386,Product_386,Outerwear,381,124,56.11,41.71,126
P0387,Product_387,Accessories,138,267,19.38,12.82,55
P0388,Product_388,Accessories,355,130,44.61,42.43,62
P0389,Product_389,Apparel,332,236,53.89,38.870000000000005,97
P0390,Product_390,Apparel,490,17,68.7,57.06,130
P0391,Product_391,Accessories,258,39,95.55,78.5,22
P0392,Product_392,Accessories,160,20,64.06,47.28,98
P0393,Product_393,Outerwear,389,224,76.92,59.74,134
P0394,Product_394,Outerwear,177,281,55.56,44.83,127
P0395,Product_395,Accessories,9,7,67.07,59.059999999999995,63
P0396,Product_396,Outerwear,260,99,16.38,0.129999999999999,125
P0397,Product_397,Outerwear,406,239,32.9,22.78,127
P0398,Product_398,Footwear,137,86,42.57,37.27,13
P0399,Product_399,Outerwear,171,297,52.52,35.13,84
P0400,Product_400,Apparel,385,13,14.11,-3.780000000000001,58
P0401,Product_401,Outerwear,12,1,22.6,12.21,16
P0402,Product_402,Outerwear,167,292,34.91,31.549999999999997,119
P0403,Product_403,Accessories,129,40,97.44,88.46,131
P0404,Product_404,Apparel,83,110,39.82,23.36,20
P0405,Product_405,Outerwear,320,13,53.38,35.150000000000006,101
P0406,Product_406,Outerwear,318,230,27.65,21.99,32
P0407,Product_407,Footwear,100,83,64.97,61.76,37
P0408,Product_408,Outerwear,328,129,35.26,17.47,120
P0409,Product_409,Outerwear,272,230,28.63,19.619999999999997,66
P0410,Product_410,Footwear,264,144,56.49,44.74,35
P0411,Product_411,Accessories,458,27,10.5,-8.93,63
P0412,Product_412,Outerwear,398,65,10.69,7.489999999999999,38
P0413,Product_413,Footwear,407,162,29.72,16.049999999999997,106
P0414,Product_414,Apparel,37,228,13.3,9.97,23
P0415,Product_415,Accessories,418,260,19.72,10.959999999999999,87
P0416,Product_416,Apparel,93,163,40.5,24.03,44
P0417,Product_417,Apparel,94,286,82.23,72.43,39
P0418,Product_418,Footwear,304,9,61.48,41.53,101
P0419,Product_419,Outerwear,68,194,56.14,44.08,26
P0420,Product_420,Footwear,317,117,36.41,28.629999999999995,102
P0421,Product_421,Footwear,443,269,93.86,87.9,88
P0422,Product_422,Footwear,235,79,45.73,37.419999999999995,119
P0423,Product_423,Footwear,433,92,17.84,9.129999999999999,111
P0424,Product_424,Accessories,333,265,65.54,62.300000000000004,115
P0425,Product_425,Outerwear,372,256,20.25,11.6,56
P0426,Product_426,Apparel,375,132,41.07,30.71,73
P0427,Product_427,Apparel,458,275,55.67,40.660000000000004,73
P0428,Product_428,Outerwear,136,263,88.68,74.86000000000001,96
P0429,Product_429,Apparel,417,170,54.42,39.660000000000004,16
P0430,Product_430,Outerwear,75,0,73.2,71.05,31
P0431,Product_431,Apparel,482,63,99.35,93.42999999999999,90
P0432,Product_432,Footwear,34,283,21.83,7.919999999999998,83
P0433,Product_433,Apparel,0,120,34.73,24.019999999999996,147
P0434,Product_434,Outerwear,295,106,45.51,43.41,144
P0435,Product_435,Outerwear,319,174,47.96,31.48,134
P0436,Product_436,Outerwear,405,203,46.99,31.080000000000002,59
P0437,Product_437,Outerwear,59,164,91.68,79.81,61
P0438,Product_438,Outerwear,319,119,74.26,71.06,10
P0439,Product_439,Accessories,348,43,64.71,48.91,13
P0440,Product_440,Accessories,327,155,37.84,25.330000000000005,141
P0441,Product_441,Apparel,266,206,84.14,68.06,13
P0442,Product_442,Outerwear,360,107,95.96,80.42999999999999,10
P0443,Product_443,Apparel,228,250,83.91,67.46,80
P0444,Product_444,Outerwear,269,129,10.14,-1.1799999999999997,44
P0445,Product_445,Outerwear,315,292,67.28,62.75,17
P0446,Product_446,Accessories,285,19,14.6,0.5199999999999996,45
P0447,Product_447,Accessories,290,281,33.18,20.009999999999998,132
P0448,Product_448,Footwear,212,284,15.36,0.0,52
P0449,Product_449,Accessories,164,0,64.34,59.28,36
P0450,Product_450,Footwear,4,118,71.79,66.28,41
P0451,Product_451,Footwear,338,34,20.3,2.2699999999999996,87
P0452,Product_452,Footwear,378,197,44.55,29.049999999999997,130
P0453,Product_453,Footwear,77,244,51.06,32.71,25
P0454,Product_454,Footwear,409,58,43.21,27.55,108
P0455,Product_455,Apparel,61,160,20.89,8.14,56
P0456,Product_456,Accessories,131,178,47.71,33.94,40
P0457,Product_457,Footwear,88,205,77.61,59.61,13
P0458,Product_458,Outerwear,236,11,16.39,3.9700000000000006,26
P0459,Product_459,Accessories,41,275,17.22,3.839999999999998,48
P0460,Product_460,Accessories,88,180,41.93,37.11,57
P0461,Product_461,Footwear,401,241,94.76,84.23,48
P0462,Product_462,Apparel,295,215,70.17,55.27,141
P0463,Product_463,Footwear,327,250,71.08,64.2,39
P0464,Product_464,Apparel,294,298,42.57,36.93,31
P0465,Product_465,Outerwear,103,125,63.43,55.78,75
P0466,Product_466,Accessories,13,216,10.91,4.5600000000000005,117
P0467,Product_467,Outerwear,287,284,67.25,61.38,21
P0468,Product_468,Apparel,178,184,92.2,82.55,45
P0469,Product_469,Apparel,124,38,65.13,46.78999999999999,27
P0470,Product_470,Outerwear,421,222,88.63,77.5,99
P0471,Product_471,Apparel,352,183,75.16,69.78,10
P0472,Product_472,Outerwear,22,177,20.85,17.46,136
P0473,Product_473,Accessories,62,293,91.22,76.69,99
P0474,Product_474,Outerwear,142,150,15.98,7.09,96
P0475,Product_475,Accessories,480,125,58.06,41.27,99
P0476,Product_476,Outerwear,152,233,22.79,8.92,143
P0477,Product_477,Apparel,144,7,11.05,-5.279999999999998,79
P0478,Product_478,Outerwear,224,128,47.98,41.08,53
P0479,Product_479,Apparel,494,263,36.55,22.089999999999996,95
P0480,Product_480,Outerwear,449,156,53.74,46.99,28
P0481,Product_481,Outerwear,461,4,61.95,43.050000000000004,110
P0482,Product_482,Footwear,308,85,13.94,0.4900000000000002,104
P0483,Product_483,Apparel,103,174,21.07,13.23,110
P0484,Product_484,Footwear,103,289,60.28,53.43,39
P0485,Product_485,Apparel,434,192,40.89,35.45,42
P0486,Product_486,Footwear,38,118,75.63,61.129999999999995,21
P0487,Product_487,Accessories,434,217,68.71,62.769999999999996,127
P0488,Product_488,Outerwear,197,113,86.1,73.38,103
P0489,Product_489,Apparel,133,144,72.32,65.55999999999999,146
P0490,Product_490,Apparel,66,25,48.69,34.769999999999996,85
P0491,Product_491,Outerwear,390,135,70.57,53.89999999999999,38
P0492,Product_492,Apparel,178,231,34.78,18.78,126
P0493,Product_493,Apparel,455,75,37.57,21.87,24
P0494,Product_494,Footwear,41,288,81.01,75.63000000000001,11
P0495,Product_495,Apparel,447,0,50.18,46.59,126
P0496,Product_496,Accessories,499,146,81.85,67.27,27
P0497,Product_497,Accessories,14,286,84.02,75.39,12
P0498,Product_498,Outerwear,110,141,87.18,77.4,144
P0499,Product_499,Apparel,156,52,92.5,89.94,117
P0500,Product_500,Outerwear,288,68,48.79,42.12,104
P0501,Product_501,Accessories,499,89,38.7,36.09,131
P0502,Product_502,Apparel,477,219,62.4,44.57,20
P0503,Product_503,Apparel,230,191,43.41,37.029999999999994,77
P0504,Product_504,Outerwear,410,62,64.1,52.06999999999999,132
P0505,Product_505,Accessories,419,72,73.5,70.8,122
P0506,Product_506,Apparel,156,160,71.96,57.959999999999994,107
P0507,Product_507,Outerwear,37,168,43.71,35.9,102
P0508,Product_508,Accessories,440,88,25.02,6.859999999999999,31
P0509,Product_509,Outerwear,96,175,48.75,30.76,136
P0510,Product_510,Footwear,484,268,22.83,14.969999999999999,143
P0511,Product_511,Apparel,410,72,90.11,71.89,34
P0512,Product_512,Footwear,438,244,41.13,21.200000000000003,94
P0513,Product_513,Accessories,288,76,23.9,7.039999999999999,64
P0514,Product_514,Footwear,253,158,12.29,-4.920000000000002,104
P0515,Product_515,Footwear,195,97,68.12,61.64,128
P0516,Product_516,Accessories,85,101,67.32,54.93999999999999,18
P0517,Product_517,Outerwear,321,131,40.65,37.44,51
P0518,Product_518,Footwear,9,101,16.45,12.739999999999998,62
P0519,Product_519,Outerwear,4,18,46.87,26.889999999999997,83
P0520,Product_520,Footwear,122,81,38.01,30.13,48
P0521,Product_521,Outerwear,329,278,70.94,55.47,131
P0522,Product_522,Accessories,352,128,64.52,48.0,24
P0523,Product_523,Footwear,117,88,42.81,25.37,132
P0524,Product_524,Accessories,293,212,29.61,9.649999999999999,120
P0525,Product_525,Footwear,396,142,98.92,92.57000000000001,140
P0526,Product_526,Accessories,158,64,50.86,48.13,92
P0527,Product_527,Accessories,302,75,71.94,62.54,19
P0528,Product_528,Footwear,227,198,22.65,18.31,101
P0529,Product_529,Footwear,364,142,53.7,51.300000000000004,38
P0530,Product_530,Footwear,215,92,12.48,3.99,44
P0531,Product_531,Apparel,435,223,55.49,39.38,15
P0532,Product_532,Outerwear,183,290,96.76,84.57000000000001,149
P0533,Product_533,Apparel,14,101,44.58,36.949999999999996,120
P0534,Product_534,Apparel,156,266,13.51,-0.2699999999999996,47
P0535,Product_535,Accessories,135,109,12.79,6.609999999999999,86
P0536,Product_536,Footwear,260,264,44.92,42.660000000000004,102
P0537,Product_537,Outerwear,156,2,24.4,8.639999999999999,76
P0538,Product_538,Accessories,46,84,12.1,-1.1300000000000008,145
P0539,Product_539,Apparel,323,281,78.06,62.34,17
P0540,Product_540,Footwear,331,116,51.27,48.57,131
P0541,Product_541,Accessories,172,220,36.03,18.96,93
P0542,Product_542,Footwear,129,153,91.01,77.86,141
P0543,Product_543,Accessories,410,152,20.45,8.309999999999999,94
P0544,Product_544,Footwear,94,11,96.03,82.79,54
P0545,Product_545,Apparel,114,132,38.26,20.7,145
P0546,Product_546,Outerwear,242,292,89.96,77.39999999999999,96
P0547,Product_547,Apparel,419,299,64.26,51.800000000000004,25
P0548,Product_548,Outerwear,291,227,84.4,64.57000000000001,86
P0549,Product_549,Footwear,281,270,98.56,82.94,18
P0550,Product_550,Accessories,298,42,35.96,26.0,69
P0551,Product_551,Apparel,282,20,96.5,81.77,87
P0552,Product_552,Outerwear,68,106,45.05,36.04,86
P0553,Product_553,Apparel,147,116,44.7,38.580000000000005,80
P0554,Product_554,Outerwear,10,123,40.63,27.89,24
P0555,Product_555,Apparel,253,280,58.73,40.019999999999996,80
P0556,Product_556,Outerwear,329,291,23.87,5.150000000000002,111
P0557,Product_557,Outerwear,359,202,59.83,51.68,31
P0558,Product_558,Footwear,37,50,58.75,47.25,122
P0559,Product_559,Outerwear,133,270,78.57,72.75999999999999,10
P0560,Product_560,Footwear,199,276,85.03,65.11,19
P0561,Product_561,Outerwear,22,140,49.64,29.98,119
P0562,Product_562,Accessories,302,274,37.21,23.520000000000003,122
P0563,Product_563,Accessories,345,289,33.34,16.860000000000003,59
P0564,Product_564,Accessories,301,51,27.52,12.65,21
P0565,Product_565,Outerwear,362,26,15.19,2.51,98
P0566,Product_566,Footwear,395,156,40.82,37.86,121
P0567,Product_567,Footwear,217,238,34.32,24.130000000000003,87
P0568,Product_568,Outerwear,140,155,96.98,82.83,130
P0569,Product_569,Accessories,103,290,60.19,45.989999999999995,32
P0570,Product_570,Accessories,445,135,41.25,32.53,143
P0571,Product_571,Footwear,209,143,62.24,43.290000000000006,34
P0572,Product_572,Accessories,472,105,22.53,17.520000000000003,27
P0573,Product_573,Apparel,480,157,49.96,38.95,52
P0574,Product_574,Footwear,110,145,66.36,51.92,87
P0575,Product_575,Accessories,103,1,54.0,39.45,37
P0576,Product_576,Footwear,315,76,46.16,32.48,68
P0577,Product_577,Apparel,170,131,99.45,92.49000000000001,72
P0578,Product_578,Footwear,459,89,89.23,84.42,101
P0579,Product_579,Footwear,491,262,66.11,52.66,65
P0580,Product_580,Footwear,355,107,61.24,48.45,120
P0581,Product_581,Footwear,495,73,65.86,60.629999999999995,146
P0582,Product_582,Apparel,323,38,28.12,13.430000000000001,77
P0583,Product_583,Outerwear,132,158,45.56,35.370000000000005,55
P0584,Product_584,Footwear,375,70,13.55,-0.46999999999999886,76
P0585,Product_585,Footwear,292,240,52.8,35.73,145
P0586,Product_586,Accessories,327,297,58.87,53.809999999999995,15
P0587,Product_587,Footwear,126,35,30.5,28.16,33
P0588,Product_588,Accessories,105,83,96.76,80.74000000000001,103
P0589,Product_589,Outerwear,496,262,91.85,78.88,22
P0590,Product_590,Apparel,91,171,74.99,60.39999999999999,34
P0591,Product_591,Apparel,286,172,58.0,40.91,127
P0592,Product_592,Outerwear,377,46,88.3,71.85,91
P0593,Product_593,Apparel,392,140,21.76,2.460000000000001,120
P0594,Product_594,Outerwear,50,117,81.15,69.5,91
P0595,Product_595,Outerwear,28,276,21.23,10.440000000000001,75
P0596,Product_596,Outerwear,461,213,81.48,72.25,54
P0597,Product_597,Apparel,295,219,34.82,30.05,123
P0598,Product_598,Accessories,296,25,88.94,76.63,72
P0599,Product_599,Outerwear,213,8,94.96,87.97,85
P0600,Product_600,Footwear,266,270,23.39,4.810000000000002,123
P0601,Product_601,Apparel,406,9,51.64,39.14,120
P0602,Product_602,Outerwear,256,120,98.29,85.62,44
P0603,Product_603,Outerwear,301,124,53.51,45.12,62
P0604,Product_604,Footwear,100,169,87.72,84.78,35
P0605,Product_605,Accessories,404,71,62.99,60.42,23
P0606,Product_606,Accessories,345,151,43.78,34.160000000000004,127
P0607,Product_607,Accessories,109,207,35.72,32.199999999999996,54
P0608,Product_608,Outerwear,419,48,28.29,15.37,60
P0609,Product_609,Outerwear,181,153,78.56,60.7,128
P0610,Product_610,Outerwear,470,292,44.79,26.9,28
P0611,Product_611,Apparel,312,67,56.01,42.15,91
P0612,Product_612,Footwear,0,49,54.31,48.510000000000005,85
P0613,Product_613,Outerwear,318,151,61.96,44.43,101
P0614,Product_614,Footwear,437,18,87.9,69.95,42
P0615,Product_615,Footwear,54,99,98.27,92.72999999999999,37
P0616,Product_616,Accessories,370,59,46.68,31.41,132
P0617,Product_617,Apparel,423,166,84.48,77.32000000000001,135
P0618,Product_618,Outerwear,398,201,78.81,62.36,46
P0619,Product_619,Accessories,148,145,61.62,41.67,108
P0620,Product_620,Accessories,430,163,96.04,93.5,107
P0621,Product_621,Outerwear,456,241,28.04,9.89,136
P0622,Product_622,Footwear,308,68,19.83,6.619999999999997,89
P0623,Product_623,Accessories,136,174,86.86,67.34,47
P0624,Product_624,Footwear,201,48,49.52,39.150000000000006,86
P0625,Product_625,Apparel,435,107,86.23,68.98,135
P0626,Product_626,Footwear,312,225,90.38,87.25999999999999,96
P0627,Product_627,Apparel,116,160,15.62,7.58,63
P0628,Product_628,Footwear,153,118,89.51,86.30000000000001,25
P0629,Product_629,Accessories,424,148,50.35,30.790000000000003,37
P0630,Product_630,Accessories,290,149,55.94,39.23,55
P0631,Product_631,Apparel,62,292,66.39,49.04,81
P0632,Product_632,Outerwear,243,142,93.37,74.49000000000001,94
P0633,Product_633,Apparel,24,159,11.72,8.190000000000001,35
P0634,Product_634,Apparel,89,10,52.92,43.980000000000004,94
P0635,Product_635,Footwear,74,137,71.89,68.61,74
P0636,Product_636,Footwear,293,77,75.04,69.25,143
P0637,Product_637,Apparel,385,76,72.33,66.2,124
P0638,Product_638,Accessories,390,253,22.1,11.660000000000002,73
P0639,Product_639,Footwear,209,257,36.95,30.120000000000005,96
P0640,Product_640,Outerwear,474,290,42.28,38.46,116
P0641,Product_641,Footwear,417,262,82.4,77.39,105
P0642,Product_642,Footwear,346,84,35.09,30.440000000000005,86
P0643,Product_643,Outerwear,16,145,28.96,9.440000000000001,96
P0644,Product_644,Apparel,127,41,96.17,80.5,66
P0645,Product_645,Outerwear,426,124,10.8,-8.620000000000001,112
P0646,Product_646,Apparel,442,166,99.8,89.88,100
P0647,Product_647,Apparel,363,240,70.91,63.9,54
P0648,Product_648,Apparel,250,279,84.56,68.19,97
P0649,Product_649,Outerwear,178,187,36.52,28.650000000000002,124
P0650,Product_650,Apparel,181,18,11.29,3.8999999999999995,56
P0651,Product_651,Accessories,151,67,76.41,70.22,144
P0652,Product_652,Outerwear,24,217,85.07,80.74,59
P0653,Product_653,Accessories,454,101,76.64,70.02,93
P0654,Product_654,Apparel,179,41,22.86,14.459999999999999,100
P0655,Product_655,Footwear,197,287,77.81,63.68,143
P0656,Product_656,Apparel,343,166,79.2,76.07000000000001,100
P0657,Product_657,Accessories,160,108,69.27,63.48,146
P0658,Product_658,Accessories,176,35,78.95,62.39,118
P0659,Product_659,Outerwear,284,231,86.13,81.49,66
P0660,Product_660,Footwear,62,228,65.22,57.05,40
P0661,Product_661,Outerwear,490,163,17.97,0.41000000000000014,30
P0662,Product_662,Accessories,149,72,53.89,49.1,99
P0663,Product_663,Apparel,153,135,16.99,13.499999999999998,49
P0664,Product_664,Footwear,155,69,46.68,35.96,121
P0665,Product_665,Apparel,369,195,46.64,39.2,54
P0666,Product_666,Apparel,468,268,15.94,3.799999999999999,86
P0667,Product_667,Footwear,48,48,41.39,24.92,96
P0668,Product_668,Outerwear,454,129,19.99,15.52,110
P0669,Product_669,Apparel,336,4,82.74,70.28999999999999,126
P0670,Product_670,Accessories,83,26,95.29,84.19000000000001,101
P0671,Product_671,Apparel,360,159,16.51,11.920000000000002,37
P0672,Product_672,Footwear,176,148,95.96,82.72999999999999,34
P0673,Product_673,Footwear,147,263,57.03,50.1,67
P0674,Product_674,Footwear,117,229,36.96,26.18,50
P0675,Product_675,Outerwear,341,199,16.92,13.440000000000001,143
P0676,Product_676,Apparel,475,49,55.06,44.790000000000006,84
P0677,Product_677,Outerwear,62,66,81.51,73.99000000000001,47
P0678,Product_678,Outerwear,188,299,73.64,56.84,143
P0679,Product_679,Footwear,359,57,14.52,11.49,84
P0680,Product_680,Footwear,48,258,16.56,7.029999999999999,75
P0681,Product_681,Outerwear,326,129,46.26,36.01,12
P0682,Product_682,Apparel,256,214,36.58,21.529999999999998,126
P0683,Product_683,Accessories,223,171,30.91,18.57,108
P0684,Product_684,Outerwear,140,257,35.29,21.28,28
P0685,Product_685,Apparel,477,101,82.31,66.32000000000001,125
P0686,Product_686,Footwear,214,208,93.63,76.11,134
P0687,Product_687,Footwear,434,290,46.46,38.81,97
P0688,Product_688,Apparel,378,285,91.55,79.87,44
P0689,Product_689,Accessories,439,115,38.93,21.81,10
P0690,Product_690,Footwear,210,263,52.88,33.07000000000001,135
P0691,Product_691,Footwear,317,149,30.34,12.329999999999998,98
P0692,Product_692,Footwear,31,299,67.64,58.95,34
P0693,Product_693,Apparel,157,35,98.11,92.6,25
P0694,Product_694,Outerwear,284,286,64.31,53.5,82
P0695,Product_695,Footwear,304,207,42.2,26.85,138
P0696,Product_696,Outerwear,428,105,68.3,57.43,51
P0697,Product_697,Accessories,476,157,21.06,10.36,89
P0698,Product_698,Footwear,285,120,89.98,72.89,113
P0699,Product_699,Footwear,143,54,55.28,46.77,43
P0700,Product_700,Accessories,423,11,50.44,32.959999999999994,98
P0701,Product_701,Footwear,18,144,62.73,53.41,134
P0702,Product_702,Outerwear,17,135,66.23,58.32000000000001,54
P0703,Product_703,Apparel,256,2,16.46,6.290000000000001,143
P0704,Product_704,Outerwear,77,143,71.44,55.72,30
P0705,Product_705,Apparel,370,29,31.77,27.5,131
P0706,Product_706,Apparel,174,236,74.26,68.72,79
P0707,Product_707,Outerwear,497,278,84.03,64.9,105
P0708,Product_708,Outerwear,193,114,82.36,77.2,114
P0709,Product_709,Outerwear,475,103,59.73,47.51,57
P0710,Product_710,Outerwear,112,117,56.82,44.39,48
P0711,Product_711,Accessories,113,4,22.86,12.049999999999999,40
P0712,Product_712,Footwear,221,247,79.78,66.17,19
P0713,Product_713,Apparel,165,120,34.43,28.29,39
P0714,Product_714,Outerwear,434,285,54.7,42.75,27
P0715,Product_715,Outerwear,318,148,35.58,26.88,97
P0716,Product_716,Outerwear,131,83,22.04,8.129999999999999,134
P0717,Product_717,Accessories,384,230,66.66,62.12,82
P0718,Product_718,Outerwear,263,287,14.89,2.610000000000001,24
P0719,Product_719,Outerwear,412,160,77.38,72.05,13
P0720,Product_720,Outerwear,54,271,38.58,31.56,18
P0721,Product_721,Footwear,358,37,10.01,4.069999999999999,118
P0722,Product_722,Accessories,130,225,56.0,50.71,146
P0723,Product_723,Outerwear,287,141,14.22,-2.639999999999999,141
P0724,Product_724,Apparel,265,291,34.86,27.72,25
P0725,Product_725,Apparel,457,150,73.63,54.94,108
P0726,Product_726,Apparel,466,113,15.64,-3.8200000000000003,130
P0727,Product_727,Accessories,365,236,85.54,73.26,61
P0728,Product_728,Accessories,161,65,10.34,5.77,78
P0729,Product_729,Apparel,379,257,32.21,23.47,14
P0730,Product_730,Outerwear,480,248,76.68,60.32000000000001,29
P0731,Product_731,Accessories,86,179,38.46,29.85,88
P0732,Product_732,Apparel,54,189,19.17,15.600000000000001,120
P0733,Product_733,Apparel,475,153,42.42,30.400000000000002,11
P0734,Product_734,Outerwear,287,195,34.34,17.130000000000003,102
P0735,Product_735,Footwear,177,261,85.84,69.51,22
P0736,Product_736,Accessories,390,142,38.2,33.050000000000004,13
P0737,Product_737,Outerwear,348,100,81.0,66.89,118
P0738,Product_738,Apparel,7,243,90.27,84.3,83
P0739,Product_739,Apparel,320,11,49.04,43.11,104
P0740,Product_740,Outerwear,312,238,91.89,74.16,114
P0741,Product_741,Accessories,246,48,43.96,37.47,17
P0742,Product_742,Footwear,322,41,96.77,90.03,76
P0743,Product_743,Footwear,471,165,18.04,16.03,119
P0744,Product_744,Apparel,470,81,71.83,54.16,18
P0745,Product_745,Accessories,442,290,54.44,38.17,126
P0746,Product_746,Footwear,254,157,44.89,31.6,20
P0747,Product_747,Accessories,327,215,66.94,51.44,108
P0748,Product_748,Accessories,53,157,73.35,68.61,51
P0749,Product_749,Apparel,248,133,10.39,0.14000000000000057,129
P0750,Product_750,Footwear,238,66,25.03,16.71,21
P0751,Product_751,Outerwear,228,6,74.17,70.48,46
P0752,Product_752,Apparel,66,13,69.97,59.22,83
P0753,Product_753,Footwear,50,72,96.94,78.37,82
P0754,Product_754,Footwear,96,162,78.49,75.77,61
P0755,Product_755,Footwear,91,65,95.57,88.32,139
P0756,Product_756,Footwear,494,129,73.23,67.49000000000001,65
P0757,Product_757,Footwear,263,205,36.82,30.53,69
P0758,Product_758,Accessories,417,275,19.48,1.129999999999999,32
P0759,Product_759,Apparel,290,255,80.36,69.93,112
P0760,Product_760,Accessories,95,265,67.97,57.58,49
P0761,Product_761,Outerwear,87,24,14.34,-1.3499999999999996,73
P0762,Product_762,Footwear,77,280,42.4,37.62,94
P0763,Product_763,Apparel,287,252,96.11,85.34,98
P0764,Product_764,Footwear,119,288,55.04,45.3,40
P0765,Product_765,Apparel,301,163,48.95,36.21,29
P0766,Product_766,Accessories,490,94,51.19,31.2,139
P0767,Product_767,Apparel,399,269,28.8,12.950000000000001,22
P0768,Product_768,Outerwear,451,109,43.18,34.019999999999996,131
P0769,Product_769,Outerwear,499,237,43.28,26.380000000000003,112
P0770,Product_770,Apparel,164,24,14.71,9.64,115
P0771,Product_771,Apparel,181,140,79.08,76.53,128
P0772,Product_772,Apparel,468,116,47.49,41.81,79
P0773,Product_773,Apparel,397,24,84.0,75.87,108
P0774,Product_774,Outerwear,222,78,86.53,75.34,91
P0775,Product_775,Footwear,310,67,29.08,16.009999999999998,84
P0776,Product_776,Apparel,431,172,69.16,50.769999999999996,127
P0777,Product_777,Apparel,465,11,52.51,41.33,93
P0778,Product_778,Outerwear,6,287,89.21,78.19,78
P0779,Product_779,Outerwear,329,127,29.42,26.520000000000003,68
P0780,Product_780,Accessories,262,95,71.0,68.37,135
P0781,Product_781,Apparel,160,91,64.7,52.78,120
P0782,Product_782,Accessories,150,140,36.58,26.689999999999998,71
P0783,Product_783,Outerwear,84,30,22.29,5.18,137
P0784,Product_784,Outerwear,146,19,68.65,63.760000000000005,114
P0785,Product_785,Footwear,111,145,76.47,74.02,77
P0786,Product_786,Apparel,380,159,38.41,28.33,24
P0787,Product_787,Accessories,402,42,68.03,61.760000000000005,44
P0788,Product_788,Outerwear,35,253,45.56,42.67,23
P0789,Product_789,Outerwear,284,129,74.19,59.15,111
P0790,Product_790,Accessories,187,59,27.93,23.92,109
P0791,Product_791,Footwear,81,150,90.12,77.17,16
P0792,Product_792,Outerwear,1,286,35.87,28.81,39
P0793,Product_793,Apparel,384,4,43.1,37.980000000000004,58
P0794,Product_794,Outerwear,302,265,15.23,6.390000000000001,120
P0795,Product_795,Apparel,196,129,20.04,3.6099999999999994,81
P0796,Product_796,Accessories,403,266,56.43,47.37,89
P0797,Product_797,Apparel,10,177,34.08,18.57,92
P0798,Product_798,Accessories,233,252,85.19,80.92999999999999,51
P0799,Product_799,Apparel,385,55,11.32,-4.59,26
P0800,Product_800,Accessories,194,82,44.12,37.86,16
P0801,Product_801,Apparel,470,98,40.36,26.17,19
P0802,Product_802,Footwear,118,148,11.74,-0.4399999999999995,43
P0803,Product_803,Apparel,395,155,21.19,2.4700000000000024,45
P0804,Product_804,Apparel,19,189,47.23,38.26,15
P0805,Product_805,Footwear,260,262,54.36,51.17,143
P0806,Product_806,Outerwear,292,79,46.39,44.05,38
P0807,Product_807,Outerwear,421,251,57.78,40.900000000000006,135
P0808,Product_808,Apparel,255,96,63.56,52.11,90
P0809,Product_809,Footwear,221,259,10.89,-5.059999999999999,84
P0810,Product_810,Apparel,392,259,51.77,45.550000000000004,35
P0811,Product_811,Accessories,225,102,96.71,88.5,136
P0812,Product_812,Accessories,52,39,56.71,54.17,124
P0813,Product_813,Apparel,427,272,70.98,51.67,135
P0814,Product_814,Outerwear,354,100,38.07,24.05,37
P0815,Product_815,Outerwear,499,220,79.66,60.86,140
P0816,Product_816,Apparel,341,123,79.56,72.78,84
P0817,Product_817,Apparel,363,230,56.92,43.910000000000004,87
P0818,Product_818,Accessories,279,177,97.84,83.63,99
P0819,Product_819,Outerwear,80,62,21.3,13.580000000000002,30
P0820,Product_820,Apparel,201,115,11.53,-5.74,63
P0821,Product_821,Accessories,157,190,79.31,60.260000000000005,112
P0822,Product_822,Outerwear,119,61,82.64,64.71000000000001,68
P0823,Product_823,Footwear,58,255,20.82,5.52,81
P0824,Product_824,Accessories,493,6,33.9,26.909999999999997,29
P0825,Product_825,Outerwear,214,154,11.58,4.51,121
P0826,Product_826,Outerwear,127,91,36.4,17.06,68
P0827,Product_827,Accessories,223,13,79.58,77.39,80
P0828,Product_828,Footwear,208,228,56.62,41.73,146
P0829,Product_829,Accessories,369,85,41.33,26.619999999999997,118
P0830,Product_830,Outerwear,114,132,43.46,30.25,138
P0831,Product_831,Apparel,208,182,10.12,-9.700000000000001,65
P0832,Product_832,Apparel,13,61,36.98,29.369999999999997,44
P0833,Product_833,Accessories,8,218,68.18,60.06000000000001,132
P0834,Product_834,Outerwear,39,245,97.68,94.26,140
P0835,Product_835,Apparel,449,229,86.24,76.27,113
P0836,Product_836,Outerwear,236,78,12.12,5.419999999999999,16
P0837,Product_837,Accessories,280,148,90.87,82.69,36
P0838,Product_838,Apparel,358,137,80.49,63.47,10
P0839,Product_839,Outerwear,200,64,80.23,61.39,96
P0840,Product_840,Apparel,245,12,51.22,45.879999999999995,50
P0841,Product_841,Accessories,277,212,45.82,37.11,132
P0842,Product_842,Outerwear,234,241,37.26,18.54,84
P0843,Product_843,Apparel,493,212,15.91,12.8,51
P0844,Product_844,Accessories,3,180,30.54,26.88,126
P0845,Product_845,Apparel,153,172,32.19,27.259999999999998,72
P0846,Product_846,Apparel,441,159,53.57,40.86,136
P0847,Product_847,Footwear,28,163,77.27,72.56,142
P0848,Product_848,Footwear,108,187,52.64,33.21,57
P0849,Product_849,Accessories,97,190,15.21,5.170000000000002,12
P0850,Product_850,Footwear,214,255,96.2,85.17,125
P0851,Product_851,Accessories,292,182,94.85,88.41,108
P0852,Product_852,Footwear,74,116,80.67,70.19,125
P0853,Product_853,Apparel,325,281,99.22,85.31,23
P0854,Product_854,Accessories,145,195,59.0,43.480000000000004,121
P0855,Product_855,Accessories,127,33,96.65,81.08000000000001,70
P0856,Product_856,Apparel,340,51,16.8,4.4,104
P0857,Product_857,Accessories,41,111,42.91,24.629999999999995,26
P0858,Product_858,Accessories,355,251,30.28,13.57,133
P0859,Product_859,Footwear,40,81,27.62,11.99,33
P0860,Product_860,Accessories,421,231,22.67,19.67,125
P0861,Product_861,Outerwear,33,226,66.02,63.9,91
P0862,Product_862,Apparel,16,232,80.32,74.5,59
P0863,Product_863,Footwear,164,220,62.05,48.11,88
P0864,Product_864,Footwear,152,41,23.23,13.83,88
P0865,Product_865,Outerwear,485,20,83.0,73.76,79
P0866,Product_866,Apparel,377,41,67.24,49.31999999999999,36
P0867,Product_867,Apparel,75,112,44.93,26.81,24
P0868,Product_868,Footwear,86,104,70.67,52.3,59
P0869,Product_869,Accessories,116,191,33.39,25.740000000000002,45
P0870,Product_870,Footwear,361,16,41.07,26.630000000000003,17
P0871,Product_871,Apparel,341,119,92.57,85.67999999999999,88
P0872,Product_872,Outerwear,468,128,36.15,30.72,140
P0873,Product_873,Footwear,26,129,52.3,46.98,56
P0874,Product_874,Apparel,312,59,90.11,81.95,114
P0875,Product_875,Footwear,286,47,73.69,63.949999999999996,107
P0876,Product_876,Accessories,133,28,15.6,-1.3600000000000012,105
P0877,Product_877,Footwear,218,96,23.26,19.1,125
P0878,Product_878,Footwear,167,9,10.71,-4.52,22
P0879,Product_879,Apparel,97,241,66.78,55.21,10
P0880,Product_880,Apparel,267,231,50.29,43.11,43
P0881,Product_881,Apparel,236,276,22.08,11.209999999999999,88
P0882,Product_882,Footwear,308,283,96.21,88.80999999999999,87
P0883,Product_883,Accessories,454,202,57.67,44.94,130
P0884,Product_884,Outerwear,393,246,31.77,21.96,102
P0885,Product_885,Outerwear,172,289,55.05,50.089999999999996,107
P0886,Product_886,Apparel,400,263,71.17,67.07000000000001,91
P0887,Product_887,Apparel,409,213,16.86,5.02,47
P0888,Product_888,Footwear,468,199,34.72,16.48,23
P0889,Product_889,Outerwear,475,78,82.63,74.44,145
P0890,Product_890,Apparel,189,172,51.37,36.18,100
P0891,Product_891,Accessories,121,68,59.19,45.33,63
P0892,Product_892,Accessories,45,86,48.95,30.180000000000003,139
P0893,Product_893,Apparel,63,100,13.95,-2.830000000000002,110
P0894,Product_894,Apparel,129,7,24.92,12.720000000000002,98
P0895,Product_895,Outerwear,309,199,50.1,36.27,65
P0896,Product_896,Outerwear,362,86,28.83,10.659999999999997,103
P0897,Product_897,Footwear,192,42,14.5,5.3100000000000005,102
P0898,Product_898,Outerwear,306,108,85.93,78.05000000000001,93
P0899,Product_899,Accessories,180,151,98.31,96.12,94
P0900,Product_900,Accessories,291,16,81.38,64.5,31
P0901,Product_901,Apparel,370,132,86.84,70.42,44
P0902,Product_902,Outerwear,281,147,31.78,27.900000000000002,25
P0903,Product_903,Footwear,28,276,96.46,84.08,59
P0904,Product_904,Accessories,148,231,27.72,17.369999999999997,131
P0905,Product_905,Accessories,266,227,95.63,91.49,137
P0906,Product_906,Footwear,295,138,99.53,79.88,122
P0907,Product_907,Footwear,10,210,74.06,68.2,26
P0908,Product_908,Accessories,163,27,98.3,95.09,89
P0909,Product_909,Accessories,112,50,61.26,48.55,139
P0910,Product_910,Footwear,186,260,33.36,18.06,141
P0911,Product_911,Accessories,294,260,49.33,46.75,94
P0912,Product_912,Apparel,231,7,63.42,49.56,103
P0913,Product_913,Apparel,226,137,16.58,4.999999999999998,143
P0914,Product_914,Footwear,309,37,66.01,62.150000000000006,90
P0915,Product_915,Outerwear,97,110,98.31,93.2,78
P0916,Product_916,Footwear,54,219,27.11,14.889999999999999,78
P0917,Product_917,Footwear,110,222,81.33,74.0,25
P0918,Product_918,Outerwear,151,135,91.71,72.82,60
P0919,Product_919,Outerwear,245,255,94.93,78.19000000000001,114
P0920,Product_920,Outerwear,405,48,96.41,76.71,75
P0921,Product_921,Apparel,68,291,56.93,50.26,18
P0922,Product_922,Accessories,311,77,97.96,78.5,116
P0923,Product_923,Apparel,288,104,78.16,68.39999999999999,109
P0924,Product_924,Accessories,249,168,24.55,16.29,95
P0925,Product_925,Apparel,35,216,52.92,50.010000000000005,73
P0926,Product_926,Accessories,238,118,74.65,71.7,31
P0927,Product_927,Apparel,147,189,32.26,17.799999999999997,119
P0928,Product_928,Outerwear,466,254,67.66,57.419999999999995,106
P0929,Product_929,Footwear,226,265,69.99,63.91,27
P0930,Product_930,Apparel,243,148,24.64,11.59,80
P0931,Product_931,Accessories,490,163,60.86,54.31,136
P0932,Product_932,Outerwear,336,139,79.45,67.05,106
P0933,Product_933,Apparel,445,257,54.9,46.43,10
P0934,Product_934,Apparel,364,268,11.09,-5.73,141
P0935,Product_935,Outerwear,490,180,10.81,-5.959999999999999,13
P0936,Product_936,Apparel,481,159,42.13,31.540000000000003,134
P0937,Product_937,Footwear,200,287,93.36,85.05,91
P0938,Product_938,Apparel,153,287,30.58,22.049999999999997,36
P0939,Product_939,Footwear,449,225,67.09,50.59,68
P0940,Product_940,Footwear,72,10,29.99,22.08,41
P0941,Product_941,Outerwear,200,9,38.95,33.190000000000005,37
P0942,Product_942,Apparel,295,270,86.32,82.8,115
P0943,Product_943,Outerwear,16,272,75.6,65.19999999999999,114
P0944,Product_944,Apparel,128,182,18.59,7.91,79
P0945,Product_945,Apparel,216,152,48.58,31.439999999999998,71
P0946,Product_946,Accessories,60,123,12.63,6.65,43
P0947,Product_947,Apparel,426,113,53.28,44.42,96
P0948,Product_948,Outerwear,103,277,69.62,53.07000000000001,123
P0949,Product_949,Footwear,41,212,20.67,3.8400000000000034,115
P0950,Product_950,Apparel,24,171,36.0,27.08,65
P0951,Product_951,Accessories,38,287,45.81,35.550000000000004,122
P0952,Product_952,Outerwear,290,173,92.76,85.30000000000001,22
P0953,Product_953,Apparel,130,112,99.39,80.6,27
P0954,Product_954,Outerwear,497,121,14.04,9.899999999999999,122
P0955,Product_955,Accessories,228,31,78.49,59.67999999999999,48
P0956,Product_956,Accessories,107,221,43.46,29.15,88
P0957,Product_957,Outerwear,171,118,45.32,33.75,39
P0958,Product_958,Apparel,434,38,77.88,75.28999999999999,107
P0959,Product_959,Footwear,477,267,92.66,82.1,67
P0960,Product_960,Accessories,101,232,95.58,86.24,76
P0961,Product_961,Apparel,353,17,61.94,57.04,80
P0962,Product_962,Apparel,11,148,42.14,28.32,115
P0963,Product_963,Footwear,274,148,80.88,61.39999999999999,16
P0964,Product_964,Accessories,100,125,32.59,20.470000000000006,49
P0965,Product_965,Accessories,43,237,60.77,45.900000000000006,79
P0966,Product_966,Apparel,442,134,42.27,39.040000000000006,77
P0967,Product_967,Apparel,304,150,69.1,59.58,58
P0968,Product_968,Footwear,444,235,31.64,27.55,61
P0969,Product_969,Footwear,16,223,27.24,14.209999999999999,123
P0970,Product_970,Accessories,329,202,92.64,73.75,116
P0971,Product_971,Outerwear,56,255,19.16,5.25,38
P0972,Product_972,Accessories,310,85,55.54,52.16,87
P0973,Product_973,Apparel,496,149,29.88,21.5,18
P0974,Product_974,Accessories,302,234,13.5,1.5899999999999999,85
P0975,Product_975,Outerwear,11,21,13.24,3.9800000000000004,51
P0976,Product_976,Footwear,317,284,25.77,8.759999999999998,137
P0977,Product_977,Outerwear,79,268,88.01,71.35000000000001,29
P0978,Product_978,Outerwear,215,257,35.42,22.410000000000004,81
P0979,Product_979,Outerwear,338,28,95.54,86.82000000000001,74
P0980,Product_980,Footwear,263,212,62.35,55.75,122
P0981,Product_981,Outerwear,478,282,49.3,45.39,33
P0982,Product_982,Outerwear,148,49,62.21,53.82,137
P0983,Product_983,Outerwear,80,94,56.5,47.06,92
P0984,Product_984,Apparel,214,87,78.29,64.13000000000001,72
P0985,Product_985,Outerwear,484,43,35.42,21.57,69
P0986,Product_986,Footwear,373,277,41.77,38.510000000000005,108
P0987,Product_987,Outerwear,463,170,90.47,81.36,71
P0988,Product_988,Outerwear,197,188,95.18,89.91000000000001,39
P0989,Product_989,Footwear,199,183,90.33,85.50999999999999,31
P0990,Product_990,Outerwear,24,2,47.75,30.86,135
P0991,Product_991,Footwear,465,190,80.23,77.48,51
P0992,Product_992,Outerwear,88,117,52.87,43.31999999999999,107
P0993,Product_993,Footwear,267,18,54.78,49.75,40
P0994,Product_994,Outerwear,142,22,28.42,10.590000000000003,121
P0995,Product_995,Outerwear,58,29,63.2,51.17,131
P0996,Product_996,Apparel,409,294,26.75,20.59,26
P0997,Product_997,Apparel,488,107,39.84,28.800000000000004,47
P0998,Product_998,Outerwear,364,280,86.95,71.78,119
P0999,Product_999,Outerwear,25,127,28.64,9.39,31
P1000,Product_1000,Accessories,46,228,16.4,10.43,65
